id;term;crossword_answer;definition;clue;category;difficulty;language
1;Cybersikkerhed;CYBERSIKKERHED;Beskyttelse af digitale systemer, netværk og data mod cybertrusler.;Beskytter digitale systemer;Grundlæggende cybersikkerhed;1;da
2;Informationssikkerhed;INFORMATIONSSIKKERHED;Beskyttelse af informationers fortrolighed, integritet og tilgængelighed.;Beskytter information uanset medie;Grundlæggende cybersikkerhed;1;da
3;IT-sikkerhed;ITSIKKERHED;Beskyttelse af IT-systemer, hardware, software og data.;Sikkerhed for computerteknologi;Grundlæggende cybersikkerhed;1;da
4;CIA-triaden;CIATRIADEN;Sikkerhedsmodel baseret på fortrolighed, integritet og tilgængelighed.;Tre grundprincipper for informationssikkerhed;Grundlæggende cybersikkerhed;2;da
5;Confidentiality;CONFIDENTIALITY;Fortrolighed: Kun autoriserede kan tilgå oplysninger.;Fortrolighed på engelsk;Grundlæggende cybersikkerhed;1;da
6;Integrity;INTEGRITY;Integritet: Beskyttelse mod uautoriseret eller utilsigtet ændring.;Datakorrekthed og beskyttelse mod ændringer;Grundlæggende cybersikkerhed;1;da
7;Availability;AVAILABILITY;Tilgængelighed: Systemer og data kan anvendes ved behov.;Systemers adgang ved behov;Grundlæggende cybersikkerhed;1;da
8;Authentication;AUTHENTICATION;Kontrol af påstået identitet.;Kontrol af hvem en bruger er;Grundlæggende cybersikkerhed;1;da
9;Authorization;AUTHORIZATION;Tildeling og kontrol af tilladte handlinger og ressourcer.;Bestemmer hvad brugeren må;Grundlæggende cybersikkerhed;1;da
10;Accountability;ACCOUNTABILITY;Mulighed for at knytte handlinger til bestemte aktører.;Ansvarlighed og sporbarhed;Grundlæggende cybersikkerhed;2;da
11;Non-repudiation;NONREPUDIATION;Mulighed for at dokumentere en handling eller kommunikation så den ikke let kan benægtes.;Uafviselighed ved digital kommunikation;Grundlæggende cybersikkerhed;3;da
12;Threat;THREAT;Mulig årsag til en uønsket sikkerhedshændelse.;Engelsk ord for trussel;Grundlæggende cybersikkerhed;1;da
13;Vulnerability;VULNERABILITY;Svaghed som kan udnyttes til at kompromittere sikkerhed.;Engelsk ord for sårbarhed;Grundlæggende cybersikkerhed;1;da
14;Exploit;EXPLOIT;Kode eller teknik som udnytter en sårbarhed.;Udnytter en sikkerhedsfejl;Grundlæggende cybersikkerhed;2;da
15;Risk;RISK;Kombination af sandsynlighed for og konsekvens af en hændelse.;Sandsynlighed sammenholdt med konsekvens;Grundlæggende cybersikkerhed;1;da
16;Attack Surface;ATTACKSURFACE;Samlet mængde af mulige indgange for angreb.;Et systems samlede angrebsflade;Grundlæggende cybersikkerhed;2;da
17;Attack Vector;ATTACKVECTOR;Vej eller metode som anvendes i et angreb.;Angriberens vej ind;Grundlæggende cybersikkerhed;2;da
18;Security Policy;SECURITYPOLICY;Dokumenterede regler og principper for sikkerhedsarbejde.;Organisationens regler for sikkerhed;Grundlæggende cybersikkerhed;1;da
19;Security Control;SECURITYCONTROL;Foranstaltning som reducerer eller håndterer sikkerhedsrisiko.;Beskyttelsesmekanisme;Grundlæggende cybersikkerhed;2;da
20;Defense in Depth;DEFENSEINDEPTH;Anvendelse af flere lag af uafhængige sikkerhedsforanstaltninger.;Lagdelt beskyttelse;Grundlæggende cybersikkerhed;2;da
21;Zero Trust;ZEROTRUST;Sikkerhedsmodel uden automatisk tillid baseret på netværksplacering.;Stol aldrig implicit på netværksplacering;Grundlæggende cybersikkerhed;2;da
22;Least Privilege;LEASTPRIVILEGE;Tildeling af færrest mulige nødvendige rettigheder.;Kun de nødvendige privilegier;Grundlæggende cybersikkerhed;1;da
23;Security by Design;SECURITYBYDESIGN;Integration af sikkerhed allerede i design og udvikling.;Sikkerhed indbygges fra begyndelsen;Grundlæggende cybersikkerhed;2;da
24;Hardening;HARDENING;Reduktion af angrebsflade ved sikker konfiguration.;Sikring gennem konfiguration;Grundlæggende cybersikkerhed;2;da
25;Patch Management;PATCHMANAGEMENT;Systematisk håndtering af software- og sikkerhedsopdateringer.;Styring af sikkerhedsrettelser;Grundlæggende cybersikkerhed;1;da
26;Asset;ASSET;Ressource med værdi for en organisation.;Værdifuld ressource i organisationen;Grundlæggende cybersikkerhed;1;da
27;Security Awareness;SECURITYAWARENESS;Forståelse af trusler og sikker adfærd hos brugere.;Medarbejderes sikkerhedsbevidsthed;Grundlæggende cybersikkerhed;1;da
28;Firewall;FIREWALL;System der filtrerer netværkstrafik efter regler.;Filtrerer netværkstrafik;Netværkssikkerhed;1;da
29;Packet Filtering;PACKETFILTERING;Filtrering baseret på eksempelvis adresse, port og protokol.;Netværksfiltrering på pakkeniveau;Netværkssikkerhed;2;da
30;Stateful Firewall;STATEFULFIREWALL;Firewall som holder styr på forbindelsers tilstand.;Firewall med forbindelsestilstand;Netværkssikkerhed;2;da
31;Next Generation Firewall;NEXTGENERATIONFIREWALL;Firewall med avanceret trafik- og applikationsanalyse.;Avanceret applikationsbevidst firewall;Netværkssikkerhed;2;da
32;IDS;IDS;Intrusion Detection System: Registrerer mulige angreb og mistænkelig aktivitet.;Registrerer indtrængen;Netværkssikkerhed;1;da
33;IPS;IPS;Intrusion Prevention System: Registrerer og blokerer mistænkelig trafik.;Forebygger indtrængen automatisk;Netværkssikkerhed;1;da
34;NIDS;NIDS;Netværksbaseret system til indtrængningsdetektion.;IDS som overvåger netværket;Netværkssikkerhed;2;da
35;HIDS;HIDS;Værtsbaseret system til indtrængningsdetektion.;IDS på en enkelt computer;Netværkssikkerhed;2;da
36;VPN;VPN;Virtuelt privat netværk over en anden netværksinfrastruktur.;Virtuelt privat netværk;Netværkssikkerhed;1;da
37;IPsec;IPSEC;Protokolsamling til beskyttelse af IP-trafik.;Beskytter trafik på IP-laget;Netværkssikkerhed;2;da
38;TLS;TLS;Kryptografisk protokol til sikring af kommunikation.;Sikrer transportkommunikation;Netværkssikkerhed;2;da
39;HTTPS;HTTPS;HTTP over en TLS-beskyttet forbindelse.;Sikker webkommunikation;Netværkssikkerhed;1;da
40;DMZ;DMZ;Adskilt netværkszone til tjenester eksponeret mod mindre betroede netværk.;Netværkszone mellem tillidsniveauer;Netværkssikkerhed;2;da
41;VLAN;VLAN;Logisk opdeling af et netværk på datalinklaget.;Virtuelt lokalt netværk;Netværkssikkerhed;1;da
42;Network Segmentation;NETWORKSEGMENTATION;Opdeling af netværk for at kontrollere trafik og begrænse angreb.;Opdeler et netværk i zoner;Netværkssikkerhed;2;da
43;Microsegmentation;MICROSEGMENTATION;Meget detaljeret segmentering typisk mellem workloads.;Finkornet netværksopdeling;Netværkssikkerhed;3;da
44;NAC;NAC;Network Access Control: Kontrollerer tilslutning af brugere og enheder.;Styrer adgang til et netværk;Netværkssikkerhed;2;da
45;802.1X;8021X;Standard for portbaseret netværksadgangskontrol.;IEEE-standard til portautentifikation;Netværkssikkerhed;3;da
46;RADIUS;RADIUS;Protokol til centraliseret autentifikation, autorisation og accounting.;AAA-protokol til netværksadgang;Netværkssikkerhed;2;da
47;TACACS+;TACACS;Protokol til central administration af adgang til netværksudstyr.;AAA-protokol til administration af udstyr;Netværkssikkerhed;3;da
48;ARP Spoofing;ARPSPOOFING;Falske ARP-meddelelser manipulerer IP- og MAC-tilknytninger.;Forfalsker adresseopslag på LAN;Netværkssikkerhed;2;da
49;DNS Spoofing;DNSSPOOFING;Manipulation af DNS-svar for at omdirigere forbindelser.;Forfalsker navneopslag;Netværkssikkerhed;2;da
50;DHCP Starvation;DHCPSTARVATION;Angreb som forsøger at opbruge DHCP-serverens adresser.;Opbruger pool af IP-adresser;Netværkssikkerhed;3;da
51;MAC Flooding;MACFLOODING;Overbelastning af en switches tabel med MAC-adresser.;Fylder switchens MAC-tabel;Netværkssikkerhed;3;da
52;Port Scanning;PORTSCANNING;Undersøgelse af åbne eller tilgængelige netværksporte.;Finder åbne netværksporte;Netværkssikkerhed;1;da
53;Packet Sniffing;PACKETSNIFFING;Indfangning og analyse af netværkspakker.;Opsamler netværkspakker;Netværkssikkerhed;1;da
54;Deep Packet Inspection;DEEPPACKETINSPECTION;Undersøgelse af trafikindhold ud over almindelige pakkeheadere.;Dyb analyse af netværkspakker;Netværkssikkerhed;3;da
55;DDoS;DDOS;Distribueret overbelastningsangreb mod en tjeneste.;Distribueret tjenestenægtelse;Netværkssikkerhed;1;da
56;Man-in-the-Middle;MANINTHEMIDDLE;Angreb hvor en tredjepart aflytter eller manipulerer kommunikation mellem parter.;Angriber mellem to kommunikerende parter;Netværkssikkerhed;2;da
57;Replay Attack;REPLAYATTACK;Genbrug af opsamlede gyldige meddelelser i et angreb.;Genafspiller opsnappet kommunikation;Netværkssikkerhed;2;da
58;Honeypot;HONEYPOT;Lokkesystem til registrering og analyse af angrebsaktivitet.;Digitalt lokkemiddel til angribere;Netværkssikkerhed;2;da
59;Encryption;ENCRYPTION;Omdannelse af data til beskyttet form med en nøgle.;Gør klartekst ulæselig;Kryptografi;1;da
60;Decryption;DECRYPTION;Genskabelse af klartekst fra krypteret information.;Gør krypteret data læsbar;Kryptografi;1;da
61;Plaintext;PLAINTEXT;Data før kryptering eller efter dekryptering.;Ukrypteret tekst;Kryptografi;1;da
62;Ciphertext;CIPHERTEXT;Resultatet af kryptering.;Krypteret tekst;Kryptografi;1;da
63;Symmetric Encryption;SYMMETRICENCRYPTION;Kryptering hvor den samme hemmelige nøgle anvendes til begge retninger.;Kryptering med fælles hemmelig nøgle;Kryptografi;2;da
64;Asymmetric Encryption;ASYMMETRICENCRYPTION;Kryptering med offentlige og private nøgler.;Kryptering med nøglepar;Kryptografi;2;da
65;AES;AES;Standardiseret symmetrisk blokchiffer.;Udbredt symmetrisk krypteringsalgoritme;Kryptografi;2;da
66;RSA;RSA;Asymmetrisk kryptosystem til bl.a. digitale signaturer og kryptering.;Kryptosystem opkaldt efter tre opfindere;Kryptografi;2;da
67;ECC;ECC;Kryptografi baseret på elliptiske kurver.;Kryptografi med elliptiske kurver;Kryptografi;3;da
68;Hash Function;HASHFUNCTION;Envejsfunktion der beregner et fastlængde fingeraftryk af data.;Beregner digitalt fingeraftryk;Kryptografi;2;da
69;SHA-256;SHA256;SHA-2-hashfunktion med 256-bit output.;Hashfunktion med 256 bit;Kryptografi;2;da
70;SHA-3;SHA3;Hashfamilie baseret på Keccak.;Hashstandard baseret på Keccak;Kryptografi;3;da
71;Salt;SALT;Tilfældig ekstra værdi anvendt ved hashing af passwords.;Tilfældig værdi ved password-hashing;Kryptografi;2;da
72;Password Hashing;PASSWORDHASHING;Lagring af password-verifikationsdata via en egnet langsom hashmetode.;Envejsbeskyttelse af adgangskoder;Kryptografi;2;da
73;Digital Signature;DIGITALSIGNATURE;Kryptografisk mekanisme til verificering af ophav og integritet.;Underskrift med privat nøgle;Kryptografi;2;da
74;PKI;PKI;Infrastruktur til håndtering af offentlige nøgler og certifikater.;Infrastruktur for digitale certifikater;Kryptografi;2;da
75;Certificate Authority;CERTIFICATEAUTHORITY;Betroet udsteder af digitale certifikater.;Udsteder af digitale certifikater;Kryptografi;2;da
76;Digital Certificate;DIGITALCERTIFICATE;Dokument der forbinder en offentlig nøgle med en identitet.;Elektronisk identitetsbevis;Kryptografi;2;da
77;X.509;X509;Standardformat til digitale certifikater.;Certifikatstandard med X i navnet;Kryptografi;3;da
78;Key Exchange;KEYEXCHANGE;Etablering eller udveksling af kryptografisk nøglemateriale.;Oprettelse af fælles nøglemateriale;Kryptografi;2;da
79;Diffie-Hellman;DIFFIEHELLMAN;Metode til etablering af en delt hemmelighed over en usikker kanal.;Klassisk nøgleudvekslingsmetode;Kryptografi;3;da
80;Perfect Forward Secrecy;PERFECTFORWARDSECRECY;Tidligere sessionsnøgler beskyttes ved senere kompromittering af langsigtede nøgler.;Tidligere sessioner forbliver hemmelige;Kryptografi;3;da
81;HMAC;HMAC;Autentifikationskode beregnet ud fra en hashfunktion og en hemmelig nøgle.;Nøglebaseret hashkode til integritet;Kryptografi;3;da
82;Nonce;NONCE;Værdi som kun bør bruges én gang i en given kryptografisk sammenhæng.;Engangsværdi i kryptografi;Kryptografi;3;da
83;IV;IV;Initialiseringsvektor brugt i kryptografiske operationer.;Startværdi ved visse krypteringsformer;Kryptografi;3;da
84;Cryptanalysis;CRYPTANALYSIS;Analyse af kryptosystemers sikkerhed og mulige svagheder.;Videnskaben om at analysere koder;Kryptografi;3;da
85;Brute Force;BRUTEFORCE;Systematisk afprøvning af mange mulige passwords eller nøgler.;Afprøver alle mulige kombinationer;Kryptografi;1;da
86;Quantum Cryptography;QUANTUMCRYPTOGRAPHY;Anvendelse af kvantefysiske egenskaber i kryptografi.;Kryptografi baseret på kvantefysik;Kryptografi;4;da
87;Post-Quantum Cryptography;POSTQUANTUMCRYPTOGRAPHY;Algoritmer designet til at modstå kendte klassiske og kvantebaserede angreb.;Kryptografi til tiden med kvantecomputere;Kryptografi;4;da
88;Hacking;HACKING;Undersøgelse eller manipulation af computersystemer og deres sikkerhed.;Udforskning af computersystemer;Hacking og angreb;1;da
89;Ethical Hacking;ETHICALHACKING;Autoriseret anvendelse af hackingteknikker til sikkerhedstest.;Lovlig sikkerhedstest med hackerteknikker;Hacking og angreb;1;da
90;Penetration Testing;PENETRATIONTESTING;Kontrolleret forsøg på at udnytte sårbarheder inden for aftalt scope.;Autoriseret angrebssimulering;Hacking og angreb;2;da
91;Red Team;REDTEAM;Hold der simulerer realistiske angreb mod en organisation.;Offensivt sikkerhedshold;Hacking og angreb;2;da
92;Blue Team;BLUETEAM;Hold der overvåger, opdager og håndterer angreb.;Defensivt sikkerhedshold;Hacking og angreb;2;da
93;Purple Team;PURPLETEAM;Samarbejde mellem offensive og defensive sikkerhedshold.;Forbinder rødt og blåt sikkerhedshold;Hacking og angreb;2;da
94;Reconnaissance;RECONNAISSANCE;Indledende indsamling af oplysninger om et mål.;Informationsindsamling før et angreb;Hacking og angreb;2;da
95;Footprinting;FOOTPRINTING;Kortlægning af et systems eller en organisations digitale aftryk.;Kortlægning af målets spor;Hacking og angreb;2;da
96;Enumeration;ENUMERATION;Detaljeret afdækning af brugere, tjenester og ressourcer.;Uddybende opregning af systemoplysninger;Hacking og angreb;3;da
97;OSINT;OSINT;Efterretningsindsamling fra offentligt tilgængelige kilder.;Efterretninger fra åbne kilder;Hacking og angreb;2;da
98;Social Engineering;SOCIALENGINEERING;Manipulation af mennesker for at opnå information eller adgang.;Angreb gennem menneskelig manipulation;Hacking og angreb;1;da
99;Phishing;PHISHING;Bedrageriske beskeder der forsøger at lokke data eller handlinger fra modtagere.;Falsk besked som fisker efter oplysninger;Hacking og angreb;1;da
100;Spear Phishing;SPEARPHISHING;Målrettet phishing mod en bestemt person eller organisation.;Målrettet digital lokkebesked;Hacking og angreb;2;da
101;Whaling;WHALING;Phishing rettet mod ledere eller andre højtstående personer.;Phishing rettet mod chefer;Hacking og angreb;2;da
102;Vishing;VISHING;Phishing gennem telefon eller anden tale.;Svindel via telefonopkald;Hacking og angreb;1;da
103;Smishing;SMISHING;Phishing gennem SMS-beskeder.;Svindel via SMS;Hacking og angreb;1;da
104;Credential Stuffing;CREDENTIALSTUFFING;Automatiseret brug af lækkede loginoplysninger mod andre tjenester.;Genbruger stjålne loginoplysninger;Hacking og angreb;2;da
105;Password Spraying;PASSWORDSPRAYING;Afprøvning af få almindelige passwords på mange konti.;Få passwords mod mange brugere;Hacking og angreb;2;da
106;Dictionary Attack;DICTIONARYATTACK;Afprøvning af passwords fra en forberedt ordliste.;Passwordangreb baseret på ordbog;Hacking og angreb;1;da
107;Privilege Escalation;PRIVILEGEESCALATION;Opnåelse af højere rettigheder end oprindeligt tildelt.;Opnår administratorrettigheder;Hacking og angreb;2;da
108;Lateral Movement;LATERALMOVEMENT;Angriberens bevægelse mellem systemer i det samme miljø.;Angriber bevæger sig sidelæns;Hacking og angreb;2;da
109;Persistence;PERSISTENCE;Metoder til at opretholde uautoriseret adgang over tid.;Angriber bevarer adgangen;Hacking og angreb;2;da
110;SQL Injection;SQLINJECTION;Manipulation af databaseforespørgsler gennem usikkert input.;Indsætter SQL gennem input;Hacking og angreb;2;da
111;Cross-Site Scripting;CROSSSITESCRIPTING;Sårbarhed der tillader uønsket scriptudførsel i brugerens browser.;Ondsindet script i webbrowser;Hacking og angreb;2;da
112;Cross-Site Request Forgery;CROSSSITEREQUESTFORGERY;Angreb der får en autentificeret browser til at udføre en uønsket handling.;Forfalsker webanmodning fra logget bruger;Hacking og angreb;3;da
113;Buffer Overflow;BUFFEROVERFLOW;Skrivning af mere data til en buffer end dens kapacitet tillader.;Overskrider bufferens størrelse;Hacking og angreb;2;da
114;Remote Code Execution;REMOTECODEEXECUTION;Mulighed for at eksekvere kode på et fjernsystem.;Fjernudførelse af programkode;Hacking og angreb;2;da
115;Zero-Day;ZERODAY;Sårbarhed udnyttet før en tilgængelig rettelse foreligger.;Sårbarhed uden tilgængelig rettelse;Hacking og angreb;2;da
116;Supply Chain Attack;SUPPLYCHAINATTACK;Angreb via leverandører eller softwareafhængigheder.;Angreb gennem leverandørkæden;Hacking og angreb;2;da
117;Malware;MALWARE;Software udviklet til skadelige eller uautoriserede handlinger.;Samleord for skadelig software;Malware;1;da
118;Virus;VIRUS;Skadelig kode der formerer sig gennem andre filer eller programmer.;Smitsom skadelig programkode;Malware;1;da
119;Worm;WORM;Selvspredende malware der kan brede sig mellem systemer.;Selvspredende computerorm;Malware;1;da
120;Trojan;TROJAN;Skadeligt program forklædt som legitim software.;Malware forklædt som nyttigt program;Malware;1;da
121;Ransomware;RANSOMWARE;Malware der spærrer adgang til data eller systemer for at kræve løsepenge.;Digital afpresning med kryptering;Malware;1;da
122;Spyware;SPYWARE;Software der skjult opsamler information.;Overvåger brugeren i det skjulte;Malware;1;da
123;Adware;ADWARE;Software som viser reklamer og eventuelt sporer brugeren.;Reklamebaseret uønsket software;Malware;1;da
124;Rootkit;ROOTKIT;Teknikker eller software til at skjule uautoriseret aktivitet.;Skjuler en angribers tilstedeværelse;Malware;2;da
125;Keylogger;KEYLOGGER;Værktøj der registrerer tastetryk.;Optager hvad brugeren taster;Malware;1;da
126;Botnet;BOTNET;Netværk af fjernstyrede kompromitterede enheder.;Hær af kompromitterede computere;Malware;2;da
127;Backdoor;BACKDOOR;Skjult adgangsvej der omgår normal adgangskontrol.;Hemmelig vej ind i systemet;Malware;2;da
128;Logic Bomb;LOGICBOMB;Skadelig funktion der udløses ved en bestemt betingelse.;Kode udløst af særlig hændelse;Malware;2;da
129;Fileless Malware;FILELESSMALWARE;Malware der overvejende udnytter hukommelse og eksisterende systemværktøjer.;Skadelig kode uden traditionel fil;Malware;3;da
130;Cryptojacking;CRYPTOJACKING;Uautoriseret anvendelse af regnekraft til kryptovaluta-mining.;Misbrug af CPU til mining;Malware;2;da
131;Polymorphic Malware;POLYMORPHICMALWARE;Malware som ændrer kode eller udseende for at undgå detektion.;Malware der ændrer sig løbende;Malware;3;da
132;Command and Control;COMMANDANDCONTROL;Infrastruktur til fjernstyring af kompromitterede enheder.;Angriberens fjernstyringskanal;Malware;2;da
133;Payload;PAYLOAD;Den funktion eller kode i et angreb der skaber den tilsigtede effekt.;Angrebets egentlige nyttelast;Malware;2;da
134;Dropper;DROPPER;Program der afleverer eller installerer yderligere malware.;Installerer anden malware;Malware;2;da
135;Sandbox;SANDBOX;Isoleret miljø til afvikling og analyse af potentielt usikker kode.;Isoleret testmiljø;Malware;1;da
136;Malware Analysis;MALWAREANALYSIS;Analyse af skadelige programmers virkemåde og opførsel.;Undersøgelse af skadelig kode;Malware;2;da
137;IAM;IAM;Identity and Access Management: Styring af identiteter og adgang.;Styring af identitet og tilladelser;Identitet og adgang;2;da
138;MFA;MFA;Autentifikation med mindst to forskellige kategorier af faktorer.;Login med flere typer faktorer;Identitet og adgang;1;da
139;2FA;2FA;Autentifikation med to forskellige faktorkategorier.;Login med to forskellige faktorer;Identitet og adgang;1;da
140;SSO;SSO;En autentifikation der giver adgang til flere tjenester.;Ét login til flere systemer;Identitet og adgang;1;da
141;RBAC;RBAC;Adgangsstyring efter brugerens rolle.;Adgangsstyring baseret på roller;Identitet og adgang;2;da
142;ABAC;ABAC;Adgangsstyring efter egenskaber og kontekst.;Adgangsstyring efter attributter;Identitet og adgang;3;da
143;ACL;ACL;Liste over identiteters rettigheder til ressourcer.;Liste over adgangsrettigheder;Identitet og adgang;2;da
144;PAM;PAM;Styring og sikring af privilegerede konti.;Kontrol af administrative konti;Identitet og adgang;2;da
145;Kerberos;KERBEROS;Billetbaseret netværksautentifikationsprotokol.;Autentifikation med tickets;Identitet og adgang;3;da
146;LDAP;LDAP;Protokol til forespørgsler mod katalogtjenester.;Protokol til katalogopslag;Identitet og adgang;2;da
147;Active Directory;ACTIVEDIRECTORY;Microsofts katalogtjeneste til administration af identiteter og domæner.;Microsofts domænekatalog;Identitet og adgang;2;da
148;OAuth 2.0;OAUTH20;Framework til delegeret autorisation.;Giver apps begrænset adgang;Identitet og adgang;3;da
149;OpenID Connect;OPENIDCONNECT;Identitetslag oven på OAuth 2.0 til autentifikation.;Loginprotokol oven på OAuth;Identitet og adgang;3;da
150;SAML;SAML;XML-baseret standard til udveksling af identitets- og adgangsoplysninger.;XML-standard til identitetsføderation;Identitet og adgang;3;da
151;FIDO2;FIDO2;Standard for phishingresistent autentifikation med offentlig nøglekryptografi.;Standard for sikker login uden traditionelt password;Identitet og adgang;3;da
152;Passkey;PASSKEY;Loginoplysning baseret på et asymmetrisk nøglepar.;Passwordfri login med nøglepar;Identitet og adgang;2;da
153;TOTP;TOTP;Tidsbaseret engangskode ud fra delt hemmelighed.;Engangskode der skifter med tiden;Identitet og adgang;2;da
154;Session Hijacking;SESSIONHIJACKING;Overtagelse af en eksisterende autentificeret session.;Stjæler en aktiv login-session;Identitet og adgang;2;da
155;SOC;SOC;Funktion til overvågning og håndtering af sikkerhedshændelser.;Sikkerhedens overvågningscenter;Overvågning og respons;2;da
156;SIEM;SIEM;Platform til indsamling og sammenstilling af sikkerhedslogs.;Central loganalyse for sikkerhed;Overvågning og respons;2;da
157;SOAR;SOAR;Platform der automatiserer og orkestrerer sikkerhedsreaktioner.;Automatisering af sikkerhedshændelser;Overvågning og respons;3;da
158;EDR;EDR;Detektion og håndtering af trusler på klienter og servere.;Overvåger og reagerer på endpoints;Overvågning og respons;2;da
159;XDR;XDR;Samlet trusselsdetektion på tværs af flere datakilder.;Udvidet detektion og respons;Overvågning og respons;3;da
160;NDR;NDR;Trusselsdetektion og respons baseret på netværksdata.;Reaktion på trusler i netværkstrafik;Overvågning og respons;3;da
161;Incident;INCIDENT;Hændelse som kompromitterer eller truer sikkerheden.;En konkret sikkerhedshændelse;Overvågning og respons;1;da
162;Incident Response;INCIDENTRESPONSE;Proces til håndtering og afhjælpning af sikkerhedshændelser.;Reaktion på et cyberangreb;Overvågning og respons;2;da
163;Threat Hunting;THREATHUNTING;Proaktiv søgning efter skjulte angreb i et miljø.;Aktiv jagt på trusler;Overvågning og respons;2;da
164;Threat Intelligence;THREATINTELLIGENCE;Analyseret viden om trusler, aktører og teknikker.;Efterretninger om cybertrusler;Overvågning og respons;2;da
165;IOC;IOC;Indikator på mulig kompromittering, fx en filhash.;Spor af en kompromittering;Overvågning og respons;2;da
166;IOA;IOA;Adfærdsindikator på et igangværende eller muligt angreb.;Tegn på angrebsadfærd;Overvågning og respons;3;da
167;TTP;TTP;Taktikker, teknikker og procedurer anvendt af angribere.;Angriberens metodebeskrivelse;Overvågning og respons;3;da
168;MITRE ATT&CK;MITREATTCK;Vidensbase over angrebstaktikker og -teknikker.;Katalog over angriberes teknikker;Overvågning og respons;3;da
169;Cyber Kill Chain;CYBERKILLCHAIN;Model over typiske faser i et cyberangreb.;Angrebets faser som kæde;Overvågning og respons;2;da
170;Log Analysis;LOGANALYSIS;Undersøgelse af logdata for fejl og angrebstegn.;Analyse af hændelsesregistreringer;Overvågning og respons;1;da
171;False Positive;FALSEPOSITIVE;Alarm som markerer en trussel der ikke findes.;Falsk alarm;Overvågning og respons;1;da
172;False Negative;FALSENEGATIVE;Reel trussel som ikke bliver registreret.;Overset angreb;Overvågning og respons;1;da
173;Digital Forensics;DIGITALFORENSICS;Indsamling og analyse af digitale beviser.;Digital kriminalteknisk undersøgelse;Overvågning og respons;2;da
174;Chain of Custody;CHAINOFCUSTODY;Dokumenteret sporbarhed for håndtering af bevismateriale.;Dokumentation af bevisers håndtering;Overvågning og respons;3;da
175;Containment;CONTAINMENT;Inddæmning af en hændelse for at begrænse skade.;Begrænser udbredelsen af et angreb;Overvågning og respons;2;da
176;Eradication;ERADICATION;Fjernelse af trusler og kompromitterede komponenter.;Udrydder angrebets årsag;Overvågning og respons;2;da
177;Recovery;RECOVERY;Gendannelse af systemer og drift efter en hændelse.;Genopretning efter angreb;Overvågning og respons;1;da
178;Playbook;PLAYBOOK;Fastlagt fremgangsmåde for håndtering af en given type hændelse.;Trinvis procedure for sikkerhedshændelse;Overvågning og respons;2;da
179;Risk Assessment;RISKASSESSMENT;Identifikation og vurdering af trusler, sårbarheder og konsekvenser.;Analyse af risici;Risikostyring og standarder;1;da
180;Risk Treatment;RISKTREATMENT;Beslutninger og foranstaltninger til at håndtere risici.;Behandling af identificeret risiko;Risikostyring og standarder;2;da
181;Residual Risk;RESIDUALRISK;Risiko der er tilbage efter implementerede kontroller.;Tilbageværende risiko;Risikostyring og standarder;2;da
182;Risk Appetite;RISKAPPETITE;Det risikoniveau en organisation er villig til at acceptere.;Organisationens risikovillighed;Risikostyring og standarder;2;da
183;BIA;BIA;Analyse af konsekvenser ved forstyrrelser i forretningen.;Konsekvensanalyse af driftsstop;Risikostyring og standarder;2;da
184;BCP;BCP;Plan for at bevare kritiske aktiviteter under forstyrrelser.;Plan for fortsat drift;Risikostyring og standarder;2;da
185;DRP;DRP;Plan for teknisk genopretning efter større forstyrrelser.;Plan for katastrofegendannelse;Risikostyring og standarder;2;da
186;RTO;RTO;Målsat tid til gendannelse efter afbrydelse.;Maksimal ønsket gendannelsestid;Risikostyring og standarder;2;da
187;RPO;RPO;Målsat maksimalt datatab udtrykt som tidsinterval.;Acceptabelt datatab målt i tid;Risikostyring og standarder;2;da
188;ISO 27001;ISO27001;Standard med krav til ledelsessystem for informationssikkerhed.;Standard for informationssikkerhedsledelse;Risikostyring og standarder;2;da
189;ISO 27002;ISO27002;Standard med vejledning om informationssikkerhedsforanstaltninger.;Vejledning til sikkerhedskontroller;Risikostyring og standarder;3;da
190;NIST CSF;NISTCSF;Rammeværk til styring af cybersikkerhedsrisici.;Amerikansk cybersikkerhedsrammeværk;Risikostyring og standarder;2;da
191;CIS Controls;CISCONTROLS;Prioriterede cybersikkerhedskontroller.;Praktiske prioriterede sikkerhedstiltag;Risikostyring og standarder;2;da
192;GDPR;GDPR;EU-forordning om beskyttelse af personoplysninger.;Europæiske regler om persondata;Risikostyring og standarder;1;da
193;NIS2;NIS2;EU-direktiv der stiller cybersikkerhedskrav til omfattede sektorer.;EU-regler om net- og informationssikkerhed;Risikostyring og standarder;2;da
194;DORA;DORA;EU-regler om digital operationel modstandsdygtighed i finanssektoren.;Digital robusthed i finanssektoren;Risikostyring og standarder;3;da
195;CVE;CVE;System til entydig identifikation af offentliggjorte sårbarheder.;Identifikationsnummer for sårbarheder;Risikostyring og standarder;2;da
196;CVSS;CVSS;Metode til scoring af tekniske sårbarheders alvorlighed.;Sårbarheders alvorlighedsscore;Risikostyring og standarder;2;da
197;CWE;CWE;Katalog over kategorier af svagheder i software og hardware.;Klassificerer software- og hardwaresvagheder;Risikostyring og standarder;3;da
198;OWASP;OWASP;Organisation med åbne ressourcer om applikationssikkerhed.;Kendt organisation for websikkerhed;Risikostyring og standarder;2;da
199;Audit;AUDIT;Systematisk kontrol af efterlevelse af regler og krav.;Sikkerhedsrevision;Risikostyring og standarder;2;da
200;Compliance;COMPLIANCE;Overholdelse af love, standarder og interne krav.;Efterlevelse af krav;Risikostyring og standarder;1;da
201;Cloud Security;CLOUDSECURITY;Beskyttelse af cloudbaserede systemer, applikationer og data.;Sikkerhed i skyen;Cloud og IoT;1;da
202;Shared Responsibility Model;SHAREDRESPONSIBILITYMODEL;Fordeling af sikkerhedsansvar mellem cloudleverandør og kunde.;Delt ansvar i cloud;Cloud og IoT;2;da
203;IaaS;IAAS;Cloudtjeneste med virtuelle infrastrukturelementer.;Infrastruktur som tjeneste;Cloud og IoT;1;da
204;PaaS;PAAS;Cloudtjeneste som tilbyder en applikationsplatform.;Platform som tjeneste;Cloud og IoT;1;da
205;SaaS;SAAS;Software leveret som en tjeneste via nettet.;Software som tjeneste;Cloud og IoT;1;da
206;Container Security;CONTAINERSECURITY;Beskyttelse af containere, images og deres runtime.;Sikkerhed for containere;Cloud og IoT;2;da
207;Kubernetes;KUBERNETES;System til orkestrering af containere.;Orkestrering af containere;Cloud og IoT;2;da
208;DevSecOps;DEVSECOPS;Integration af sikkerhed i softwareudvikling og drift.;Sikkerhed som del af DevOps;Cloud og IoT;2;da
209;SAST;SAST;Statisk sikkerhedstest af programkode uden eksekvering.;Kodeanalyse uden kørsel;Cloud og IoT;2;da
210;DAST;DAST;Dynamisk sikkerhedstest af en kørende applikation.;Sikkerhedstest af kørende software;Cloud og IoT;2;da
211;SBOM;SBOM;Maskinlæsbar oversigt over softwarekomponenter og afhængigheder.;Komponentliste for software;Cloud og IoT;2;da
212;API Security;APISECURITY;Beskyttelse af programmeringsgrænseflader mod misbrug.;Sikkerhed for softwaregrænseflader;Cloud og IoT;2;da
213;WAF;WAF;Firewall der analyserer HTTP-trafik til webapplikationer.;Firewall foran webapplikation;Cloud og IoT;2;da
214;IoT Security;IOTSECURITY;Beskyttelse af forbundne sensorer, enheder og tjenester.;Sikkerhed for internetforbundne enheder;Cloud og IoT;1;da
215;Firmware;FIRMWARE;Software der styrer en hardwareenheds grundfunktioner.;Indlejret software i hardware;Cloud og IoT;1;da
216;Secure Boot;SECUREBOOT;Verifikation af softwarekomponenter under opstart.;Kontrolleret og verificeret opstart;Cloud og IoT;2;da
217;TPM;TPM;Hardwarebaseret modul til sikkerhedsoperationer og nøglebeskyttelse.;Betroet platformmodul;Cloud og IoT;2;da
218;HSM;HSM;Dedikeret hardware til beskyttelse og anvendelse af kryptografiske nøgler.;Hardwaremodul til sikring af nøgler;Cloud og IoT;3;da
219;OTA Update;OTAUPDATE;Trådløs fjernopdatering af software eller firmware.;Opdatering over netværket;Cloud og IoT;1;da
220;Side-Channel Attack;SIDECHANNELATTACK;Udnyttelse af indirekte lækager såsom strømforbrug eller timing.;Angreb gennem eksempelvis strømforbrug;Cloud og IoT;3;da